Workbook

Sheet Samarkhazan2025_refs
A1: number | B1: full_citation | C1: abbreviated_citation | D1: doi
A2: 1 | B2: Torfi E, Bahreiny SS, Saki N, et al. Evaluation of Pro-BNP biomarker in heart failure patients and its relationship with complete blood count parameters: A case–control study. Health Sci Rep. 2024;7(9):e70083. | C2: Torfi_2024 | D2: 10.1002/hsr2.70083
A3: 2 | B3: Fredricks DN. The gut microbiota and graft-versus-host disease. J Clin Invest. 2019;129(5):1808–17. | C3: Fredricks_2019 | D3: 10.1172/JCI125797
A4: 3 | B4: Chang CC, Hayase E, Jenq RR. The role of microbiota in allogeneic hematopoietic stem cell transplantation. Expert Opin Biol Ther. 2021;21(8):1121–31. | C4: Chang_2021 | D4: 10.1080/14712598.2021.1872541
A5: 4 | B5: Oh B, Boyle F, Pavlakis N, et al. Emerging evidence of the gut Microbiome in chemotherapy: A clinical review. Front Oncol. 2021;11:706331. | C5: Oh_2021 | D5: 10.3389/fonc.2021.706331
A6: 5 | B6: Henig I, Yehudai-Ofir D, Zuckerman T. The clinical role of the gut Microbiome and fecal microbiota transplantation in allogeneic stem cell transplantation. Haematologica. 2021;106(4):933–46. | C6: Henig_2021 | D6: 10.3324/haematol.2020.247395
A7: 6 | B7: Ouyang J, Isnard S, Lin J et al. Treating from the inside out: relevance of fecal microbiota transplantation to counteract gut damage in GVHD and HIV infection. Front Med. 2020;Volume 7–2020. | C7: Ouyang_2020 | D7: 10.3389/fmed.2020.00421
A8: 7 | B8: Tawara I, Liu C, Tamaki H, et al. Influence of donor microbiota on the severity of experimental graft-versus-host-disease. Biol Blood Marrow Transpl. 2013;19(1):164–8. | C8: Tawara_2013 | D8: 10.1016/j.bbmt.2012.09.001
A9: 8 | B9: Yue X, Zhou H, Wang S, Chen X, Xiao H. Gut microbiota, microbiota-derived metabolites, and graft-versus-host disease. Cancer Med. 2024;13(3):e6799. | C9: Yue_2024 | D9: 10.1002/cam4.6799
A10: 9 | B10: Galloway-Peña JR, Shi Y, Peterson CB, et al. Gut Microbiome signatures are predictive of infectious risk following induction therapy for acute myeloid leukemia. Clin Infect Dis. 2020;71(1):63–71. | C10: Galloway-Peña_2020 | D10: 10.1093/cid/ciz777
A11: 10 | B11: Montassier E, Gastinne T, Vangay P, et al. Chemotherapy-driven dysbiosis in the intestinal Microbiome. Aliment Pharmacol Ther. 2015;42(5):515–28. | C11: Montassier_2015 | D11: 10.1111/apt.13302
A12: 11 | B12: Liang J, Liu G, Wang W, Xue H. Causal relationships between gut microbiota and lymphoma: a bidirectional Mendelian randomization study. Front Cell Infect Microbiol. 2024;14:1374775. | C12: Liang_2024 | D12: 10.3389/fcimb.2024.1374775
A13: 12 | B13: Rafei H, Jenq RR. Microbiome-intestine cross talk during acute graft-versus-host disease. Blood. 2020;136(4):401–9. | C13: Rafei&Jenq_2020 | D13: 10.1182/blood.2019000950
... A109: 108 | B109: Zargari Marandi R, Jørgensen M, Ilett EE, et al. Pre-Transplant prediction of acute Graft-versus-Host disease using the gut Microbiome. Cells. 2022;11:24. | C109: Zargari Marandi_2022 | D109: 10.3390/cells11244089

Sheet Sheet1
A1: 8 | B1: {=_xlfn.XLOOKUP(A1, Samarkhazan2025_refs!A:A, Samarkhazan2025_refs!C:D)} -> Yue_2024 | C1: 10.1002/cam4.6799
A2: 10 | B2: {=_xlfn.XLOOKUP(A2, Samarkhazan2025_refs!A:A, Samarkhazan2025_refs!C:D)} -> Montassier_2015 | C2: 10.1111/apt.13302
A3: 11 | B3: {=_xlfn.XLOOKUP(A3, Samarkhazan2025_refs!A:A, Samarkhazan2025_refs!C:D)} -> Liang_2024 | C3: 10.3389/fcimb.2024.1374775
A4: 8 | B4: {=_xlfn.XLOOKUP(A4, Samarkhazan2025_refs!A:A, Samarkhazan2025_refs!C:D)} -> Yue_2024 | C4: 10.1002/cam4.6799
A5: 12 | B5: {=_xlfn.XLOOKUP(A5, Samarkhazan2025_refs!A:A, Samarkhazan2025_refs!C:D)} -> Rafei&Jenq_2020 | C5: 10.1182/blood.2019000950
A6: 2 | B6: {=_xlfn.XLOOKUP(A6, Samarkhazan2025_refs!A:A, Samarkhazan2025_refs!C:D)} -> Fredricks_2019 | C6: 10.1172/JCI125797
A7: 13 | B7: {=_xlfn.XLOOKUP(A7, Samarkhazan2025_refs!A:A, Samarkhazan2025_refs!C:D)} -> Stein-Thoeringer_2019 | C7: 10.1126/science.aax3760
A8: 15 | B8: {=_xlfn.XLOOKUP(A8, Samarkhazan2025_refs!A:A, Samarkhazan2025_refs!C:D)} -> Li_2022 | C8: 10.3390/nu15010048
A9: 16 | B9: {=_xlfn.XLOOKUP(A9, Samarkhazan2025_refs!A:A, Samarkhazan2025_refs!C:D)} -> Köhler&Zeiser_2018 | C9: 10.3389/fimmu.2018.03179
A10: 27 | B10: {=_xlfn.XLOOKUP(A10, Samarkhazan2025_refs!A:A, Samarkhazan2025_refs!C:D)} -> Biennier_2024 | C10: 10.3390/microorganisms12112256
A11: 28 | B11: {=_xlfn.XLOOKUP(A11, Samarkhazan2025_refs!A:A, Samarkhazan2025_refs!C:D)} -> Faraci_2024 | C11: 10.1038/s41598-024-55690-6
A12: 29 | B12: {=_xlfn.XLOOKUP(A12, Samarkhazan2025_refs!A:A, Samarkhazan2025_refs!C:D)} -> Portincasa_2022 | C12: 10.3390/ijms23031105
... A33: 50 | B33: {=_xlfn.XLOOKUP(A33, Samarkhazan2025_refs!A:A, Samarkhazan2025_refs!C:D)} -> Khuat_2021 | C33: 10.1080/19490976.2021.1966262

Sheet notes
A1: field | B1: value
A2: source_pdf | B2: The microbiome in graft-versus-host disease_ a tale of two ecosystems (1).pdf
A3: article_doi | B3: 10.1186/s12967-025-06797-5
A4: doi_lookup_note | B4: DOIs were checked against Springer reference Article links plus publisher/PMC/Crossref-indexed landing pages when needed.
A5: doi_url_pattern | B5: https://doi.org/<doi>
